SPECIES SCIENTIFIC_NAME TAXONNAME LMAX TROPHIC
1 ABSX Abudefduf sexfasciatus Abudefduf sexfasciatus 15 Pk
2 ACAC Acanthurus achilles Acanthurus achilles 25 H
3 ACAL Acanthurus albipectoralis Acanthurus albipectoralis 33 H
4 ACBL Acanthurus blochii Acanthurus blochii 43 H
5 ACGU Acanthurus guttatus Acanthurus guttatus 29 H
6 ACLI Acanthurus lineatus Acanthurus lineatus 38 H
7 ACMA Acanthurus maculiceps Acanthurus maculiceps 41 H
8 ACNC Acanthurus nigricans Acanthurus nigricans 23 H
9 ACNF Acanthurus nigrofuscus Acanthurus nigrofuscus 23 H
10 ACNI Acanthurus nigricauda Acanthurus nigricauda 40 H
11 ACNR Acanthurus nigroris Acanthurus nigroris 25 H
12 ACOL Acanthurus olivaceus Acanthurus olivaceus 40 H
13 ACPY Acanthurus pyroferus Acanthurus pyroferus 25 H
14 ACSP  Acanthurus sp 57 H
15 ACTH Acanthurus thompsoni Acanthurus thompsoni 28 Pk
16 ACTR Acanthurus triostegus Acanthurus triostegus 27 H
17 ACXA Acanthurus xanthopterus Acanthurus xanthopterus 65 H
18 AMCH Amphiprion chrysopterus Amphiprion chrysopterus 17 Pk
19 AMSC Amanses scopas Amanses scopas 20 Cor
20 ANCA Anampses caeruleopunctatus Anampses caeruleopunctatus 42 MI
21 ANLE Anyperodon leucogrammicus Anyperodon leucogrammicus 60 Pisc
22 ANME Anampses melanurus Anampses melanurus 12 MI
23 ANMG Anampses meleagrides Anampses meleagrides 22 MI
24 ANSP  Anampses sp 20 MI
25 ANTW Anampses twistii Anampses twistii 18 MI
26 APAN Apogon angustatus Apogon angustatus 9 Pk
27 APFU Aphareus furca Aphareus furca 70 Pisc
28 APSP  Apogon sp 16 Pk
29 APTR Apolemichthys trimaculatus Apolemichthys trimaculatus 25 SI
30 APVI Aprion virescens Aprion virescens 112 Pisc
31 ARME Arothron meleagris Arothron meleagris 50 Cor
32 ARNI Arothron nigropunctatus Arothron nigropunctatus 33 Cor
33 ARST Arothron stellatus Arothron stellatus 120 Cor
34 AUCH Aulostomus chinensis Aulostomus chinensis 80 Pisc
35 BAUN Balistapus undulatus Balistapus undulatus 30 MI
36 BLEN  Blenniidae 16.6 Pk
37 BOAX Bodianus axillaris Bodianus axillaris 20 MI
38 BOLO Bodianus loxozonus Bodianus loxozonus 40 MI
39 BOME Bodianus mesothorax Bodianus mesothorax 19 MI
40 CAAM Canthigaster amboinensis Canthigaster amboinensis 14 H
41 CACA Calotomus carolinus Calotomus carolinus 54 H
42 CACE Caesio caerulaurea Caesio caerulaurea 35 Pk
43 CADU Cantherhines dumerilii Cantherhines dumerilii 38 Om
44 CAFE Carangoides ferdau Carangoides ferdau 70 Pisc
45 CAJN Canthigaster janthinoptera Canthigaster janthinoptera 9 H
46 CAME Caranx melampygus Caranx melampygus 117 Pisc
47 CAOR Carangoides orthogrammus Carangoides orthogrammus 70 Pisc
48 CAPA Cantherhines pardalis Cantherhines pardalis 25 H
49 CARD  Apogonidae 16 Pk
50 CASO Canthigaster solandri Canthigaster solandri 11 H
51 CATE Caesio teres Caesio teres 40 Pk
52 CEAR Cephalopholis argus Cephalopholis argus 60 Pisc
53 CEBC Centropyge bicolor Centropyge bicolor 15 H
54 CEBI Centropyge bispinosa Centropyge bispinosa 10 H
55 CEFI Centropyge fisheri Centropyge fisheri 7.5 H
56 CEFL Centropyge flavissima Centropyge flavissima 14 H
57 CEHE Centropyge heraldi Centropyge heraldi 10 H
58 CELE Cephalopholis leopardus Cephalopholis leopardus 20 Pisc
59 CELO Centropyge loricula Centropyge loricula 10 H
60 CEOC Cetoscarus ocellatus Cetoscarus ocellatus 90 H
61 CEUR Cephalopholis urodeta Cephalopholis urodeta 28 Pisc
62 CHAC Chromis acares Chromis acares 6 Pk
63 CHAL Chromis alpha Chromis alpha 8.5 Pk
64 CHAM Chromis amboinensis Chromis amboinensis 8 H
65 CHAU Chaetodon auriga Chaetodon auriga 23 SI
66 CHBE Chaetodon bennetti Chaetodon bennetti 18 MI
67 CHBR Chrysiptera brownriggii Chrysiptera brownriggii 9 H
68 CHCI Chaetodon citrinellus Chaetodon citrinellus 13 Cor
69 CHCL Cheilinus chlorourus Cheilinus chlorourus 32 MI
70 CHEI  Cheilinus sp 45 MI
71 CHEP Chaetodon ephippium Chaetodon ephippium 23 MI
72 CHFA Cheilinus fasciatus Cheilinus fasciatus 36 MI
73 CHFN Chlorurus frontalis Chlorurus frontalis 50 H
74 CHIO Chromis iomelas Chromis iomelas 8 H
75 CHJA Chlorurus japanensis Chlorurus japanensis 31 H
76 CHJO  Choerodon jordani 18 Om
77 CHLI Chaetodon lineolatus Chaetodon lineolatus 30 SI
78 CHLT Chaetodon lunulatus Chaetodon lunulatus 15 Cor
79 CHLU Chaetodon lunula Chaetodon lunula 21 SI
80 CHMA Chromis margaritifer Chromis margaritifer 8 Pk
81 CHMC Chlorurus microrhinos Chlorurus microrhinos 80 H
82 CHOR Chaetodon ornatissimus Chaetodon ornatissimus 20 Cor
83 CHOX Cheilinus oxycephalus Cheilinus oxycephalus 17 MI
84 CHPW Chaetodon pelewensis Chaetodon pelewensis 13 Cor
85 CHQN Cheilodipterus quinquelineatus Cheilodipterus quinquelineatus 12 MI
86 CHQU Chaetodon quadrimaculatus Chaetodon quadrimaculatus 16 Cor
87 CHRE Chaetodon reticulatus Chaetodon reticulatus 18 Cor
88 CHSE Chaetodon semeion Chaetodon semeion 24 H
89 CHSO Chlorurus sordidus Chlorurus sordidus 40 H
90 CHTA Chrysiptera taupou Chrysiptera taupou 8 H
91 CHTE Chromis ternatensis Chromis ternatensis 8 Pk
92 CHTL Cheilinus trilobatus Cheilinus trilobatus 45 MI
93 CHTR Chaetodon trifascialis Chaetodon trifascialis 18 Cor
94 CHUB  Kyphosus sp 75 H
95 CHUD Cheilinus undulatus Cheilinus undulatus 229 MI
96 CHUL Chaetodon ulietensis Chaetodon ulietensis 15 MI
97 CHUN Chaetodon unimaculatus Chaetodon unimaculatus 20 Cor
98 CHVA Chromis vanderbilti Chromis vanderbilti 15 Pk
99 CHVG Chaetodon vagabundus Chaetodon vagabundus 23 SI
100 CHVR Chromis viridis Chromis viridis 8 Pk
101 CHWE Chromis weberi Chromis weberi 12 Pk
102 CHXA Chromis xanthura Chromis xanthura 15 Pk
103 CIFL Cirrhitichthys falco Cirrhitichthys falco 9 MI
104 CILB  Cirrhilabrus sp 15 Pk
105 CISP  Cirripectes sp 10 H
106 CIVR Cirripectes variolosus Cirripectes variolosus 10 H
107 COAY Coris aygula Coris aygula 120 MI
108 COGA Coris gaimard Coris gaimard 40 MI
109 CTBI Ctenochaetus binotatus Ctenochaetus binotatus 22 H
110 CTCY Ctenochaetus cyanocheilus Ctenochaetus cyanocheilus 20 H
111 CTFL Ctenochaetus flavicauda Ctenochaetus flavicauda 17 H
112 CTSR Ctenochaetus striatus Ctenochaetus striatus 28 H
113 DAAU Dascyllus auripinnis Dascyllus auripinnis 16 Pk
114 DAMS  Pomacentridae 17.8 Om
115 DARE Dascyllus reticulatus Dascyllus reticulatus 8 Pk
116 DATR Dascyllus trimaculatus Dascyllus trimaculatus 14 Pk
117 ECBC Ecsenius bicolor Ecsenius bicolor 10 Pk
118 EPFA Epinephelus fasciatus Epinephelus fasciatus 43 Pisc
119 EPHE Epinephelus hexagonatus Epinephelus hexagonatus 26 Pisc
120 EPIN Epibulus insidiator Epibulus insidiator 54 MI
121 EPME Epinephelus merra Epinephelus merra 33 Pisc
122 EPPO Epinephelus polyphekadion Epinephelus polyphekadion 75 Pisc
123 EPSL Epinephelus spilotoceps Epinephelus spilotoceps 35 Pisc
124 EPSP  Epinephelus sp 128 Pisc
125 FISH  Un-id fish sp 999 X
126 FOFL Forcipiger flavissimus Forcipiger flavissimus 22 SI
127 FOLO Forcipiger longirostris Forcipiger longirostris 22 MI
128 GNAU Gnathodentex aureolineatus Gnathodentex aureolineatus 30 MI
129 GNSP Gnathanodon speciosus Gnathanodon speciosus 74.5 Pisc
130 GOAT  Mullidae 50 MI
131 GOBI  Gobiidae 36.5 MI
132 GOVA Gomphosus varius Gomphosus varius 32 MI
133 GRAL Gracila albomarginata Gracila albomarginata 50 Pisc
134 GYUC Gymnosarda unicolor Gymnosarda unicolor 248 Pisc
135 HABI Halichoeres biocellatus Halichoeres biocellatus 12 MI
136 HAHO Halichoeres hortulanus Halichoeres hortulanus 27 MI
137 HAMA Halichoeres marginatus Halichoeres marginatus 18 MI
138 HAME Halichoeres melasmapomus Halichoeres melasmapomus 14 MI
139 HAMT Halichoeres margaritaceus Halichoeres margaritaceus 13 MI
140 HAOR Halichoeres ornatissimus Halichoeres ornatissimus 15 MI
141 HAPR Halichoeres prosopeion Halichoeres prosopeion 16 MI
142 HATR Halichoeres trimaculatus Halichoeres trimaculatus 27 MI
143 HECH Heniochus chrysostomus Heniochus chrysostomus 18 Cor
144 HEFA Hemigymnus fasciatus Hemigymnus fasciatus 50 MI
145 HEME Hemigymnus melapterus Hemigymnus melapterus 60 MI
146 HEPO Hemitaurichthys polylepis Hemitaurichthys polylepis 18 Pk
147 HESI Heniochus singularius Heniochus singularius 30 Cor
148 HEVA Heniochus varius Heniochus varius 19 Cor
149 HILO Hipposcarus longiceps Hipposcarus longiceps 60 H
150 HODO Hologymnosus doliatus Hologymnosus doliatus 40 MI
151 LABI Labroides bicolor Labroides bicolor 14 MI
152 LADI Labroides dimidiatus Labroides dimidiatus 12 MI
153 LARU Labroides rubrolabiatus Labroides rubrolabiatus 9 MI
154 LAUN Labrichthys unilineatus Labrichthys unilineatus 16 Cor
155 LAXA Labropsis xanthonota Labropsis xanthonota 14 MI
156 LEOB Lethrinus obsoletus Lethrinus obsoletus 50 MI
157 LETH  Lethrinus sp 86 MI
158 LEXA Lethrinus xanthochilus Lethrinus xanthochilus 62 Pisc
159 LIZA  Synodontidae 22 Pisc
160 LUBO Lutjanus bohar Lutjanus bohar 90 Pisc
161 LUFU Lutjanus fulvus Lutjanus fulvus 43 MI
162 LUGI Lutjanus gibbus Lutjanus gibbus 53 MI
163 LUKA Lutjanus kasmira Lutjanus kasmira 40 MI
164 LUMO Lutjanus monostigma Lutjanus monostigma 60 Pisc
165 MABR Malacanthus brevirostris Malacanthus brevirostris 30 MI
166 MALA Malacanthus latovittatus Malacanthus latovittatus 45 MI
167 MAMA Macolor macularis Macolor macularis 60 Pk
168 MAME Macropharyngodon meleagris Macropharyngodon meleagris 15 MI
169 MANI Macolor niger Macolor niger 75 Pk
170 MEAT Meiacanthus atrodorsalis Meiacanthus atrodorsalis 10 Pk
171 MENI Melichthys niger Melichthys niger 38 Pk
172 MEVI Melichthys vidua Melichthys vidua 34 H
173 MOGR Monotaxis grandoculis Monotaxis grandoculis 63 MI
174 MUVA Mulloidichthys vanicolensis Mulloidichthys vanicolensis 38 MI
175 MYAD Myripristis adusta Myripristis adusta 32 Pk
176 MYBE Myripristis berndti Myripristis berndti 33 Pk
177 MYKU Myripristis kuntee Myripristis kuntee 23 Pk
178 MYSP  Myripristinae 35 Pk
179 NABR Naso brevirostris Naso brevirostris 60 Pk
180 NAHE Naso hexacanthus Naso hexacanthus 75 Pk
181 NALI Naso lituratus Naso lituratus 46 H
182 NAUN Naso unicornis Naso unicornis 70 H
183 NEMA Nemateleotris magnifica Nemateleotris magnifica 9 Pk
184 NEOP Neoniphon opercularis Neoniphon opercularis 35 MI
185 NESA Neoniphon sammara Neoniphon sammara 32 MI
186 NOTA Novaculichthys taeniourus Novaculichthys taeniourus 30 MI
187 ODNI Odonus niger Odonus niger 40 Pk
188 OSME Ostracion meleagris Ostracion meleagris 28 SI
189 OXDI Oxycheilinus digramma Oxycheilinus digramma 30 Pisc
190 OXLO Oxymonacanthus longirostris Oxymonacanthus longirostris 9 Cor
191 OXSP  Oxycheilinus sp 46 MI
192 OXUN Oxycheilinus unifasciatus Oxycheilinus unifasciatus 46 Pisc
193 PAAR Paracirrhites arcatus Paracirrhites arcatus 14 MI
194 PABA Parupeneus barberinus Parupeneus barberinus 50 MI
195 PACL Parapercis clathrata Parapercis clathrata 18 MI
196 PACY Parupeneus cyclostomus Parupeneus cyclostomus 50 Pisc
197 PAFO Paracirrhites forsteri Paracirrhites forsteri 23 Pisc
198 PAHE Paracirrhites hemistictus Paracirrhites hemistictus 28 Pisc
199 PAIN Parupeneus insularis Parupeneus insularis 33 MI
200 PAMI Parapercis millepunctata Parapercis millepunctata 19 MI
201 PAMU Parupeneus multifasciatus Parupeneus multifasciatus 38 MI
202 PAPL Parupeneus pleurostigma Parupeneus pleurostigma 33 MI
203 PARR  Scaridae 68 H
204 PEJA Pervagor janthinosoma Pervagor janthinosoma 13.5 Om
205 PEOU Pempheris oualensis Pempheris oualensis 23 Pk
206 PLDI Plectroglyphidodon dickii Plectroglyphidodon dickii 11 Cor
207 PLJO Plectroglyphidodon johnstonianus Plectroglyphidodon johnstonianus 12 Cor
208 PLLA Plectroglyphidodon lacrymatus Plectroglyphidodon lacrymatus 10 Pk
209 PLLD Plagiotremus laudandus laudandus Plagiotremus laudandus laudandus 10 Par
210 PLLE Plectroglyphidodon leucozonus Plectroglyphidodon leucozonus 12 H
211 PLLV Plectropomus laevis Plectropomus laevis 125 Pisc
212 PLPH Plectroglyphidodon phoenixensis Plectroglyphidodon phoenixensis 8.5 H
213 PLTA Plagiotremus tapeinosoma Plagiotremus tapeinosoma 10 Par
214 PLVI Plectorhinchus vittatus Plectorhinchus vittatus 85 MI
215 POBR Pomacentrus brachialis Pomacentrus brachialis 10 Pk
216 POCO Pomacentrus coelestis Pomacentrus coelestis 7 Pk
217 POIM Pomacanthus imperator Pomacanthus imperator 38 SI
218 PONR  Pomacentrus nigriradiatus 10 Pk
219 POPH  Pomacentrus philippinus 10 Pk
220 PORI Pomachromis richardsoni Pomachromis richardsoni 6 Pk
221 POVA Pomacentrus vaiuli Pomacentrus vaiuli 10 Pk
222 PSCE Pseudojuloides cerasinus Pseudojuloides cerasinus 12 MI
223 PSEV Pseudocheilinus evanidus Pseudocheilinus evanidus 14 MI
224 PSFL Pseudobalistes flavimarginatus Pseudobalistes flavimarginatus 60 MI
225 PSHE Pseudocheilinus hexataenia Pseudocheilinus hexataenia 8 MI
226 PSMO Pseudodax moluccanus Pseudodax moluccanus 26 MI
227 PSOC Pseudocheilinus octotaenia Pseudocheilinus octotaenia 14 MI
228 PSTE Pseudocheilinus tetrataenia Pseudocheilinus tetrataenia 8 MI
229 PTEV Ptereleotris evides Ptereleotris evides 18 Pk
230 PTHE Ptereleotris heteroptera Ptereleotris heteroptera 12 Pk
231 PTTI Pterocaesio tile Pterocaesio tile 30 Pk
232 PTZE Ptereleotris zebra Ptereleotris zebra 12 Pk
233 PYDI Pygoplites diacanthus Pygoplites diacanthus 25 SI
234 RHRE Rhinecanthus rectangulus Rhinecanthus rectangulus 25 MI
235 SACA Sargocentron caudimaculatum Sargocentron caudimaculatum 25 MI
236 SADI Sargocentron diadema Sargocentron diadema 17 MI
237 SASP Sargocentron spiniferum Sargocentron spiniferum 52 MI
238 SATI Sargocentron tiere Sargocentron tiere 33 MI
239 SCAL Scarus altipinnis Scarus altipinnis 60 H
240 SCDM Scarus dimidiatus Scarus dimidiatus 50 H
241 SCFE Scarus festivus Scarus festivus 45 H
242 SCFO Scarus forsteni Scarus forsteni 55 H
243 SCFR Scarus frenatus Scarus frenatus 47 H
244 SCGH Scarus ghobban Scarus ghobban 90 H
245 SCGL Scarus globiceps Scarus globiceps 31 H
246 SCNI Scarus niger Scarus niger 43 H
247 SCOV Scarus oviceps Scarus oviceps 38 H
248 SCPS Scarus psittacus Scarus psittacus 33 H
249 SCRU Scarus rubroviolaceus Scarus rubroviolaceus 70 H
250 SCSC Scarus schlegeli Scarus schlegeli 38 H
251 SCSI Scarus spinus Scarus spinus 31 H
252 SCSP  Scarus sp 130 H
253 SCTR Scarus tricolor Scarus tricolor 55 H
254 SIAR Siganus argenteus Siganus argenteus 42 H
255 STAL Stegastes albifasciatus Stegastes albifasciatus 11 H
256 STBN Stethojulis bandanensis Stethojulis bandanensis 16 Pk
257 STFA Stegastes fasciolatus Stegastes fasciolatus 16 H
258 STLI Stegastes lividus Stegastes lividus 13 H
259 STNI Stegastes nigricans Stegastes nigricans 14 H
260 STST Stethojulis strigiventer Stethojulis strigiventer 15 MI
261 SUBU Sufflamen bursa Sufflamen bursa 28 MI
262 SUCH Sufflamen chrysopterum Sufflamen chrysopterum 22 MI
263 SUFR Sufflamen fraenatum Sufflamen fraenatum 38 MI
264 SYBI Synodus binotatus Synodus binotatus 17 Pisc
265 THAM Thalassoma amblycephalum Thalassoma amblycephalum 15 Pk
266 THHA Thalassoma hardwicke Thalassoma hardwicke 20 Pk
267 THLU Thalassoma lutescens Thalassoma lutescens 25 MI
268 THPU Thalassoma purpureum Thalassoma purpureum 43 MI
269 THQU Thalassoma quinquevittatum Thalassoma quinquevittatum 17 MI
270 UPTA Upeneus taeniopterus Upeneus taeniopterus 33 MI
271 VAAL Variola albimarginata Variola albimarginata 65 Pisc
272 VALO Variola louti Variola louti 83 Pisc
273 VAST Valenciennea strigata Valenciennea strigata 16 MI
274 WRAS  Labridae 93 MI
275 ZACO Zanclus cornutus Zanclus cornutus 20 SI
276 ZEFL Zebrasoma flavescens Zebrasoma flavescens 20 H
277 ZERO Zebrasoma rostratum Zebrasoma rostratum 21 H
278 ZESC Zebrasoma scopas Zebrasoma scopas 20 H
279 ZEVE Zebrasoma veliferum Zebrasoma veliferum 40 H
